m2_price,construction_year,surface,floor,no_rooms,district_Bemowo,district_Bielany,district_Mokotow,district_Ochota,district_Praga,district_Srodmiescie,district_Ursus,district_Ursynow,district_Wola,district_Zoliborz
5897,1953,25,3,1,False,False,False,False,False,True,False,False,False,False
1818,1992,143,9,5,False,True,False,False,False,False,False,False,False,False
3643,1937,56,1,2,False,False,False,False,True,False,False,False,False,False
3517,1995,93,7,3,False,False,False,True,False,False,False,False,False,False
3013,1992,144,6,5,False,False,True,False,False,False,False,False,False,False
5795,1926,61,6,2,False,False,False,False,False,True,False,False,False,False
2983,1970,127,8,5,False,False,True,False,False,False,False,False,False,False
2346,1985,105,8,4,False,False,False,False,False,False,True,False,False,False
4745,1928,145,6,6,False,False,False,False,False,True,False,False,False,False
4284,1949,112,9,4,False,False,False,False,False,True,False,False,False,False
3961,1940,74,5,2,False,False,False,False,False,False,False,False,False,True
2797,1971,75,7,3,False,True,False,False,False,False,False,False,False,False
5116,1934,53,1,3,False,False,False,False,False,False,False,False,False,True
3337,1985,111,6,5,False,False,False,False,False,False,False,False,False,True
3666,1948,58,9,3,False,False,False,True,False,False,False,False,False,False
2841,1975,116,2,4,False,False,False,False,False,False,False,False,True,False
3172,1986,53,6,2,False,False,False,False,False,False,False,False,True,False
3378,1983,37,6,1,True,False,False,False,False,False,False,False,False,False
3274,1992,33,7,2,False,False,False,False,False,False,True,False,False,False
5267,1935,33,2,2,False,False,True,False,False,False,False,False,False,False
5112,1929,39,3,2,False,False,False,True,False,False,False,False,False,False
2996,1980,95,3,3,False,False,False,False,False,False,False,True,False,False
5170,1995,148,2,5,False,False,False,False,False,True,False,False,False,False
3326,1972,42,6,1,False,False,False,False,False,False,False,True,False,False
4482,1963,27,5,1,False,False,False,True,False,False,False,False,False,False
3480,1990,142,1,6,False,False,False,True,False,False,False,False,False,False
3842,1933,81,2,3,True,False,False,False,False,False,False,False,False,False
3134,1994,112,8,5,False,False,True,False,False,False,False,False,False,False
2225,1956,97,10,4,False,False,False,False,False,False,False,False,True,False
3372,2002,88,6,3,False,False,False,False,False,False,True,False,False,False
3868,1987,33,10,2,False,False,False,True,False,False,False,False,False,False
3085,1945,41,8,2,False,True,False,False,False,False,False,False,False,False
2928,1931,112,7,5,False,True,False,False,False,False,False,False,False,False
2819,1969,78,6,4,False,True,False,False,False,False,False,False,False,False
2201,1977,145,5,5,False,False,False,False,False,False,True,False,False,False
2720,1957,123,2,5,False,False,False,False,True,False,False,False,False,False
2957,1985,109,1,5,False,False,False,False,False,False,True,False,False,False
3502,1996,70,7,2,False,True,False,False,False,False,False,False,False,False
3342,1931,141,9,5,False,False,False,False,False,False,False,False,False,True
2848,1954,145,7,6,False,False,False,False,False,False,False,False,False,True
3158,1987,84,2,4,True,False,False,False,False,False,False,False,False,False
3273,1977,48,5,3,True,False,False,False,False,False,False,False,False,False
2628,1974,107,5,4,False,False,False,False,True,False,False,False,False,False
4297,1997,65,8,3,False,False,True,False,False,False,False,False,False,False
3625,1996,43,9,1,False,True,False,False,False,False,False,False,False,False
3769,1944,143,10,6,False,False,False,False,False,True,False,False,False,False
3748,1938,75,6,4,False,False,False,False,False,False,False,False,False,True
6387,1923,51,1,2,False,False,False,False,False,True,False,False,False,False
3330,1945,82,10,3,False,False,True,False,False,False,False,False,False,False
2929,1926,107,8,4,False,False,False,False,False,False,False,True,False,False
4463,2001,49,8,3,False,False,False,False,False,False,False,False,False,True
3297,1994,115,6,5,False,False,False,False,False,False,False,False,False,True
3337,2005,86,6,4,False,False,False,False,False,False,False,False,True,False
4046,1927,115,5,4,False,False,False,False,False,False,False,False,False,True
2746,1953,90,6,3,True,False,False,False,False,False,False,False,False,False
3845,1956,26,2,2,False,False,False,False,True,False,False,False,False,False
2889,1935,111,2,4,True,False,False,False,False,False,False,False,False,False
3137,1930,96,7,4,True,False,False,False,False,False,False,False,False,False
3030,1964,102,2,3,False,False,False,False,False,False,True,False,False,False
4477,1927,32,1,2,False,True,False,False,False,False,False,False,False,False
3567,1948,28,5,1,False,False,False,False,False,False,False,True,False,False
2445,1938,101,8,3,False,False,False,False,False,False,False,False,True,False
2732,1935,82,7,3,False,False,False,False,True,False,False,False,False,False
3547,1995,60,7,3,True,False,False,False,False,False,False,False,False,False
3765,1990,108,2,5,False,False,False,True,False,False,False,False,False,False
2782,1985,147,8,5,False,False,True,False,False,False,False,False,False,False
3155,1971,139,5,5,False,False,True,False,False,False,False,False,False,False
3739,2007,36,8,2,False,False,False,False,False,False,False,True,False,False
5344,2004,31,2,1,False,False,False,False,False,False,False,False,False,True
2113,1992,129,8,4,False,False,False,False,False,False,False,True,False,False
3797,1929,145,4,5,False,False,False,False,False,False,False,False,False,True
2834,1992,62,8,3,False,False,False,False,False,False,False,True,False,False
3632,1994,57,1,2,False,False,False,False,False,False,True,False,False,False
3227,1973,142,4,5,False,False,False,False,False,False,False,False,False,True
4091,2007,121,4,4,False,False,False,False,False,False,False,False,False,True
2379,1964,137,4,5,False,False,False,False,True,False,False,False,False,False
2583,1989,102,6,4,False,False,False,False,False,False,False,True,False,False
3407,1974,64,2,3,False,False,False,False,False,False,False,True,False,False
3113,1967,144,5,5,False,False,True,False,False,False,False,False,False,False
3520,1993,43,4,1,False,True,False,False,False,False,False,False,False,False
2917,1952,63,7,3,True,False,False,False,False,False,False,False,False,False
3045,1965,60,6,3,False,True,False,False,False,False,False,False,False,False
2965,1968,144,6,6,False,False,True,False,False,False,False,False,False,False
3992,1961,41,8,2,False,False,False,True,False,False,False,False,False,False
3138,1957,46,7,2,False,False,False,False,False,False,False,True,False,False
4315,1953,44,5,1,False,False,False,True,False,False,False,False,False,False
5054,1927,100,9,3,False,False,False,False,False,True,False,False,False,False
2708,1971,124,2,5,False,True,False,False,False,False,False,False,False,False
2982,1972,127,8,5,False,False,False,False,False,False,False,False,False,True
3341,1968,121,5,5,False,False,True,False,False,False,False,False,False,False
3065,1998,98,8,3,False,False,False,False,False,False,True,False,False,False
2633,1960,137,10,6,False,False,True,False,False,False,False,False,False,False
4348,1987,20,7,1,False,False,True,False,False,False,False,False,False,False
4167,1938,53,5,2,False,False,False,False,False,False,False,False,False,True
3775,1971,43,1,2,True,False,False,False,False,False,False,False,False,False
2772,1983,58,9,3,False,False,False,False,False,False,False,False,True,False
2710,1943,69,9,2,False,False,False,False,False,False,False,True,False,False
4196,1986,75,2,3,False,False,False,False,False,False,False,False,False,True
4047,1989,45,7,2,False,False,False,False,False,False,False,False,False,True
3577,1998,147,6,5,False,False,False,False,False,False,False,False,False,True
2019,1944,113,10,5,False,False,False,False,False,False,False,False,True,False
2892,1924,131,6,4,False,True,False,False,False,False,False,False,False,False
4191,1925,26,5,1,False,False,False,False,False,False,False,False,True,False
2899,1938,110,2,4,False,True,False,False,False,False,False,False,False,False
2514,1951,89,8,4,False,False,False,False,False,False,True,False,False,False
1733,1946,137,10,6,False,False,False,False,False,False,False,True,False,False
3061,1943,84,3,4,False,False,False,False,True,False,False,False,False,False
4290,1937,26,7,1,False,False,True,False,False,False,False,False,False,False
3526,1934,142,7,5,False,False,True,False,False,False,False,False,False,False
3015,1971,43,9,1,False,False,False,False,False,False,False,False,True,False
3516,2004,58,8,2,False,False,False,False,False,False,False,True,False,False
3661,1936,64,9,2,False,False,False,True,False,False,False,False,False,False
2803,1996,140,5,6,False,False,False,False,False,False,False,True,False,False
4952,1960,105,3,4,False,False,False,False,False,True,False,False,False,False
5092,1969,46,8,3,False,False,False,False,False,True,False,False,False,False
3498,1921,110,2,4,True,False,False,False,False,False,False,False,False,False
3854,1930,90,1,3,False,False,False,False,False,False,False,False,True,False
2626,1975,112,4,5,False,False,False,False,False,False,True,False,False,False
2920,1989,53,8,3,False,False,False,False,False,False,True,False,False,False
3067,1958,53,7,2,False,False,False,False,True,False,False,False,False,False
2533,1959,82,9,3,False,False,False,False,False,False,True,False,False,False
2344,1951,101,9,3,False,True,False,False,False,False,False,False,False,False
3289,1922,91,6,4,False,True,False,False,False,False,False,False,False,False
2957,1940,94,3,4,False,False,False,False,True,False,False,False,False,False
3845,1935,21,3,1,False,True,False,False,False,False,False,False,False,False
2890,1998,141,4,6,False,False,False,False,False,False,True,False,False,False
3459,1991,44,4,2,True,False,False,False,False,False,False,False,False,False
2813,1922,124,7,5,False,False,False,False,False,False,True,False,False,False
3566,1931,73,6,2,False,False,False,False,False,False,False,True,False,False
4578,1932,27,1,1,True,False,False,False,False,False,False,False,False,False
2905,1945,110,2,4,False,True,False,False,False,False,False,False,False,False
4333,2002,47,10,2,False,False,False,True,False,False,False,False,False,False
3633,1986,22,5,1,False,False,False,False,True,False,False,False,False,False
4268,2007,93,5,4,False,False,True,False,False,False,False,False,False,False
5521,1965,38,5,2,False,False,False,False,False,True,False,False,False,False
3433,1950,52,3,3,False,True,False,False,False,False,False,False,False,False
2384,1956,127,5,5,False,True,False,False,False,False,False,False,False,False
3687,1997,76,4,3,False,False,False,False,False,False,True,False,False,False
3143,1946,61,5,3,False,True,False,False,False,False,False,False,False,False
3257,1974,24,8,2,True,False,False,False,False,False,False,False,False,False
3574,1992,133,2,4,False,False,False,True,False,False,False,False,False,False
2652,1991,125,3,4,False,True,False,False,False,False,False,False,False,False
3194,2004,66,10,3,True,False,False,False,False,False,False,False,False,False
1966,1953,123,10,4,False,False,False,False,False,False,False,True,False,False
2864,1948,149,7,5,False,False,False,False,False,False,False,False,False,True
3580,1960,52,2,2,True,False,False,False,False,False,False,False,False,False
1882,1954,142,8,6,False,False,False,False,False,False,False,False,True,False
2383,1974,107,7,5,False,True,False,False,False,False,False,False,False,False
3800,2009,65,4,3,False,False,False,False,False,False,False,False,True,False
3364,1935,54,4,2,False,False,False,False,False,False,False,False,True,False
4582,1999,52,7,2,False,False,False,True,False,False,False,False,False,False
2537,1927,121,10,5,False,False,False,False,False,False,False,True,False,False
4037,1931,141,2,5,False,False,True,False,False,False,False,False,False,False
5615,1933,48,9,2,False,False,False,False,False,True,False,False,False,False
3990,1983,36,9,1,False,False,False,False,False,False,False,False,False,True
3150,1984,85,2,4,False,False,False,False,False,False,True,False,False,False
2563,1982,79,9,3,False,False,False,False,False,False,True,False,False,False
4916,1985,128,1,4,False,False,False,False,False,True,False,False,False,False
3279,2006,57,10,3,False,False,False,False,False,False,False,False,True,False
3434,2001,122,10,5,False,False,False,True,False,False,False,False,False,False
3144,1933,76,9,4,True,False,False,False,False,False,False,False,False,False
3280,1990,37,7,1,True,False,False,False,False,False,False,False,False,False
3211,1957,104,9,3,False,False,True,False,False,False,False,False,False,False
3371,1958,118,5,5,False,False,False,False,False,False,False,False,False,True
3393,2001,61,9,2,False,False,False,False,False,False,False,False,True,False
2569,1935,118,4,5,True,False,False,False,False,False,False,False,False,False
3479,1967,47,3,3,False,True,False,False,False,False,False,False,False,False
2394,1936,126,5,5,False,False,False,False,True,False,False,False,False,False
3127,1946,102,1,3,False,False,False,False,False,False,False,False,True,False
2008,1993,129,9,4,False,False,False,False,False,False,True,False,False,False
4027,1924,62,2,3,False,True,False,False,False,False,False,False,False,False
3669,1938,68,8,3,False,False,False,True,False,False,False,False,False,False
3136,1978,81,3,3,False,False,False,False,False,False,False,False,True,False
2108,1940,114,9,5,False,False,False,False,False,False,False,True,False,False
3577,2008,57,7,3,False,True,False,False,False,False,False,False,False,False
5015,2006,64,1,3,False,False,True,False,False,False,False,False,False,False
3977,1947,57,6,3,False,False,False,True,False,False,False,False,False,False
3357,1984,39,6,1,False,False,False,False,False,False,False,False,True,False
3819,1997,113,7,5,False,False,True,False,False,False,False,False,False,False
2784,1963,77,7,3,False,False,False,False,False,False,False,True,False,False
2945,1925,86,10,4,False,False,False,False,False,False,True,False,False,False
4695,1934,21,9,2,False,False,False,True,False,False,False,False,False,False
2995,1952,120,9,4,False,False,True,False,False,False,False,False,False,False
3156,1965,104,9,4,False,False,False,True,False,False,False,False,False,False
2974,1935,148,3,5,False,True,False,False,False,False,False,False,False,False
2478,1990,107,6,5,True,False,False,False,False,False,False,False,False,False
3680,1954,37,3,1,True,False,False,False,False,False,False,False,False,False
3652,1949,90,6,3,False,False,False,True,False,False,False,False,False,False
2881,1991,42,10,2,False,True,False,False,False,False,False,False,False,False
3181,1965,132,6,4,False,False,False,False,False,False,False,False,False,True
3587,1951,71,9,2,False,False,False,False,False,False,False,False,False,True
3445,1962,46,4,2,False,True,False,False,False,False,False,False,False,False
3576,1947,32,4,2,False,False,False,False,False,False,True,False,False,False
3781,1985,142,10,6,False,False,False,False,False,True,False,False,False,False
4524,2003,58,7,2,False,False,False,True,False,False,False,False,False,False
3506,1956,94,7,3,False,False,False,True,False,False,False,False,False,False
1970,1969,138,8,5,False,False,False,False,False,False,False,False,True,False
2273,1968,133,6,4,False,False,False,False,True,False,False,False,False,False
3989,1937,41,8,2,False,False,True,False,False,False,False,False,False,False
3009,1977,119,9,4,False,False,False,True,False,False,False,False,False,False
3043,1988,106,1,4,False,False,False,False,True,False,False,False,False,False
3020,1939,133,7,5,False,False,False,True,False,False,False,False,False,False
3219,1923,83,8,3,True,False,False,False,False,False,False,False,False,False
2721,2003,148,5,6,False,True,False,False,False,False,False,False,False,False
3184,1952,57,5,3,False,False,False,False,True,False,False,False,False,False
2095,1977,131,8,4,False,False,False,False,False,False,True,False,False,False
3266,1988,118,6,5,False,False,False,True,False,False,False,False,False,False
5079,1958,72,6,2,False,False,False,False,False,True,False,False,False,False
3587,1929,31,10,2,True,False,False,False,False,False,False,False,False,False
4726,1989,37,1,2,False,False,False,True,False,False,False,False,False,False
4121,1926,53,2,3,False,False,False,False,False,False,False,True,False,False
5855,1924,55,6,2,False,False,False,False,False,True,False,False,False,False
3437,1961,66,2,2,False,False,False,False,False,False,False,False,True,False
3043,1987,66,6,2,False,False,False,False,False,False,True,False,False,False
3836,1956,31,2,1,False,False,False,False,False,False,True,False,False,False
2118,1946,148,5,6,False,False,False,False,False,False,True,False,False,False
4451,1929,35,10,2,False,False,True,False,False,False,False,False,False,False
4621,1949,23,4,1,False,False,False,False,False,False,False,False,False,True
3795,2004,40,7,2,False,False,False,False,True,False,False,False,False,False
4033,1921,107,6,4,False,False,True,False,False,False,False,False,False,False
3069,1933,93,8,4,True,False,False,False,False,False,False,False,False,False
4650,1979,40,2,1,False,False,True,False,False,False,False,False,False,False
3070,1994,113,9,4,False,False,False,True,False,False,False,False,False,False
3583,2004,47,8,3,True,False,False,False,False,False,False,False,False,False
3640,1991,121,2,5,False,False,False,True,False,False,False,False,False,False
4136,1997,106,5,4,False,False,True,False,False,False,False,False,False,False
2197,1994,105,9,5,False,False,False,False,False,False,False,True,False,False
2590,1993,66,10,3,False,False,False,False,False,False,True,False,False,False
4407,1932,114,1,5,False,False,True,False,False,False,False,False,False,False
2676,1971,77,8,3,True,False,False,False,False,False,False,False,False,False
5733,1996,32,10,1,False,False,False,False,False,True,False,False,False,False
4363,1981,69,1,3,False,False,True,False,False,False,False,False,False,False
3303,2009,120,3,4,False,False,False,False,False,False,False,False,True,False
4235,1924,56,10,2,False,False,False,False,False,False,False,False,False,True
2531,1949,147,1,6,False,False,False,False,False,False,False,False,True,False
4300,1928,110,3,4,False,False,False,False,False,False,False,False,False,True
2489,1949,131,4,4,False,False,False,False,False,False,True,False,False,False
3512,1937,59,2,2,False,False,False,False,False,False,False,False,True,False
3805,1929,94,1,3,False,True,False,False,False,False,False,False,False,False
4336,2005,46,1,2,False,True,False,False,False,False,False,False,False,False
1623,1987,148,10,6,False,False,False,False,False,False,False,False,True,False
5086,1995,111,1,4,False,False,False,False,False,True,False,False,False,False
2458,1977,99,8,3,False,False,False,False,False,False,False,True,False,False
4065,1928,83,8,4,False,False,False,False,False,False,False,False,False,True
2711,1983,79,7,4,False,False,False,False,False,False,True,False,False,False
2507,1959,104,7,3,False,False,False,False,False,False,False,True,False,False
4813,1952,79,7,4,False,False,False,False,False,True,False,False,False,False
3318,1923,103,5,3,False,False,False,False,True,False,False,False,False,False
5079,1973,52,8,2,False,False,False,False,False,True,False,False,False,False
2183,1972,127,7,5,False,False,False,False,False,False,True,False,False,False
4055,2010,64,2,2,False,False,False,False,True,False,False,False,False,False
3637,1994,76,7,4,False,False,True,False,False,False,False,False,False,False
2779,1977,92,5,4,False,False,False,False,False,False,False,False,True,False
5303,1925,40,1,2,False,False,True,False,False,False,False,False,False,False
2343,1960,96,9,4,False,False,False,False,True,False,False,False,False,False
3022,1988,63,6,3,False,False,False,False,True,False,False,False,False,False
5172,1970,103,1,4,False,False,False,False,False,True,False,False,False,False
3415,1928,83,6,3,False,False,False,False,True,False,False,False,False,False
2567,1971,108,5,5,False,False,False,False,False,False,False,False,True,False
2691,1984,146,9,5,False,False,True,False,False,False,False,False,False,False
2007,1957,124,9,5,False,False,False,False,False,False,False,True,False,False
4650,1925,25,9,2,False,False,False,True,False,False,False,False,False,False
3658,1927,24,10,2,False,False,False,False,False,False,True,False,False,False
3786,1922,91,10,4,False,False,False,True,False,False,False,False,False,False
4239,1929,106,4,4,False,False,False,True,False,False,False,False,False,False
5604,1959,25,6,1,False,False,False,False,False,True,False,False,False,False
3449,1970,60,2,3,False,True,False,False,False,False,False,False,False,False
3294,1947,81,1,4,False,True,False,False,False,False,False,False,False,False
4018,1988,58,6,2,False,False,False,False,False,False,False,False,False,True
3646,2000,30,10,1,False,True,False,False,False,False,False,False,False,False
4299,1928,50,1,2,False,True,False,False,False,False,False,False,False,False
4304,1925,50,10,2,False,False,True,False,False,False,False,False,False,False
3308,1921,64,9,3,False,False,False,False,False,False,True,False,False,False
1990,1993,146,7,5,True,False,False,False,False,False,False,False,False,False
2068,1961,148,6,5,False,True,False,False,False,False,False,False,False,False
2315,1991,88,10,4,False,False,False,False,False,False,True,False,False,False
3846,1978,80,5,3,False,False,True,False,False,False,False,False,False,False
1861,1940,129,10,5,True,False,False,False,False,False,False,False,False,False
3055,1969,24,10,2,False,False,False,False,False,False,False,True,False,False
4454,1948,50,2,3,False,False,True,False,False,False,False,False,False,False
2671,1927,108,10,5,False,True,False,False,False,False,False,False,False,False
3616,1981,83,7,3,False,False,True,False,False,False,False,False,False,False
4192,1993,36,7,1,False,False,False,True,False,False,False,False,False,False
2807,1958,109,3,4,False,False,False,False,False,False,False,False,True,False
1820,1972,148,8,6,False,False,False,False,True,False,False,False,False,False
5311,1926,29,2,2,False,False,False,True,False,False,False,False,False,False
4006,1990,24,1,1,False,False,False,False,True,False,False,False,False,False
2885,1990,122,10,4,False,False,True,False,False,False,False,False,False,False
4713,2005,149,6,6,False,False,False,False,False,True,False,False,False,False
2219,1964,108,9,4,False,False,False,False,False,False,False,True,False,False
3486,1964,131,3,4,False,False,True,False,False,False,False,False,False,False
4222,1927,48,2,2,False,False,False,False,False,False,False,True,False,False
5476,1998,52,10,2,False,False,False,False,False,True,False,False,False,False
2267,1978,113,8,4,False,True,False,False,False,False,False,False,False,False
3023,1955,33,10,1,True,False,False,False,False,False,False,False,False,False
3916,1952,33,10,1,False,False,False,True,False,False,False,False,False,False
3559,1967,59,10,3,False,False,True,False,False,False,False,False,False,False
3574,1924,98,3,3,False,False,False,False,False,False,False,True,False,False
4916,1945,53,9,3,False,False,False,False,False,True,False,False,False,False
2425,1956,83,10,3,False,False,False,False,True,False,False,False,False,False
2076,1948,112,10,4,True,False,False,False,False,False,False,False,False,False
3222,1963,63,4,3,False,True,False,False,False,False,False,False,False,False
3631,1954,42,3,1,False,False,False,False,False,False,False,True,False,False
2507,1950,89,8,4,True,False,False,False,False,False,False,False,False,False
4255,1989,80,1,3,False,False,False,False,False,False,False,False,False,True
2866,1959,108,2,5,False,False,False,False,True,False,False,False,False,False
4208,1974,84,1,3,False,False,False,False,False,False,False,False,False,True
2331,1929,137,10,6,False,False,False,False,False,False,False,True,False,False
2278,1992,127,6,5,False,False,False,False,False,False,True,False,False,False
3657,1921,29,10,1,False,False,False,False,False,False,False,True,False,False
3281,1959,52,5,2,False,True,False,False,False,False,False,False,False,False
3479,1967,47,3,3,False,False,False,False,False,False,True,False,False,False
3554,1999,105,2,4,False,False,False,False,False,False,True,False,False,False
5982,1926,57,4,3,False,False,False,False,False,True,False,False,False,False
4426,1962,132,5,5,False,False,False,False,False,True,False,False,False,False
3685,1936,56,9,3,False,False,False,True,False,False,False,False,False,False
3121,2003,128,4,4,False,False,False,False,False,False,True,False,False,False
3703,1949,25,4,1,False,False,False,False,False,False,True,False,False,False
3834,2002,62,4,3,False,False,False,False,False,False,True,False,False,False
3195,2009,146,1,5,False,False,False,False,True,False,False,False,False,False
6451,1924,35,2,2,False,False,False,False,False,True,False,False,False,False
4264,2005,44,2,2,False,False,False,False,False,False,False,False,True,False
2662,1944,84,7,4,False,True,False,False,False,False,False,False,False,False
5396,1948,20,8,2,False,False,False,False,False,True,False,False,False,False
5065,2004,113,7,4,False,False,False,False,False,True,False,False,False,False
2836,1984,121,10,5,False,False,False,False,False,False,False,False,False,True
2250,1950,120,7,5,True,False,False,False,False,False,False,False,False,False
2836,1975,76,6,4,False,False,False,False,False,False,False,True,False,False
5144,1922,56,1,2,False,False,False,True,False,False,False,False,False,False
4075,1920,68,10,3,False,False,False,True,False,False,False,False,False,False
3021,1962,128,8,4,False,False,False,False,False,False,False,False,False,True
2895,1971,55,8,3,False,True,False,False,False,False,False,False,False,False
2888,1975,121,10,4,False,False,True,False,False,False,False,False,False,False
3451,2005,125,1,4,False,False,False,False,False,False,True,False,False,False
3010,1952,84,4,3,False,False,False,False,True,False,False,False,False,False
4549,1939,30,4,1,False,False,True,False,False,False,False,False,False,False
5056,2000,49,2,3,False,False,False,True,False,False,False,False,False,False
3003,1951,90,3,4,False,True,False,False,False,False,False,False,False,False
3367,1977,53,4,2,False,False,False,False,False,False,False,True,False,False
3133,1967,102,1,3,False,False,False,False,False,False,True,False,False,False
3820,1956,68,7,2,False,False,False,True,False,False,False,False,False,False
3234,1998,147,9,6,False,False,False,False,False,False,False,False,False,True
4411,1960,24,6,1,False,False,False,False,False,False,False,False,False,True
4889,1947,86,6,3,False,False,False,False,False,True,False,False,False,False
4493,1969,31,4,2,False,False,False,False,False,False,False,False,False,True
3940,1990,101,2,3,False,False,False,False,False,False,False,False,False,True
3728,1971,97,4,4,False,False,False,False,False,False,False,False,False,True
3944,2005,71,2,3,False,True,False,False,False,False,False,False,False,False
2114,1978,124,8,5,False,False,False,False,False,False,False,True,False,False
2823,1992,118,2,4,False,True,False,False,False,False,False,False,False,False
2743,1923,131,7,5,False,False,False,False,False,False,False,True,False,False
3590,1936,76,8,3,False,False,False,True,False,False,False,False,False,False
4109,2003,94,7,3,False,False,False,True,False,False,False,False,False,False
3947,1946,55,7,2,False,False,True,False,False,False,False,False,False,False
1921,1957,148,7,6,True,False,False,False,False,False,False,False,False,False
5970,1943,38,1,1,False,False,False,False,False,True,False,False,False,False
3371,1973,53,4,2,False,False,False,False,True,False,False,False,False,False
3498,1955,85,8,3,False,False,False,True,False,False,False,False,False,False
3436,1990,126,4,4,False,False,False,True,False,False,False,False,False,False
3686,1982,106,3,5,False,False,False,False,False,False,False,False,False,True
5884,1990,42,1,2,False,False,False,False,False,True,False,False,False,False
2509,1986,114,5,5,False,False,False,False,False,False,False,False,True,False
4401,1995,105,9,3,False,False,False,False,False,True,False,False,False,False
2961,1977,134,8,4,False,False,False,True,False,False,False,False,False,False
3505,1971,94,7,3,False,False,False,True,False,False,False,False,False,False
2605,1941,114,4,5,True,False,False,False,False,False,False,False,False,False
4163,1938,54,5,2,False,False,False,False,False,False,False,False,False,True
5531,1996,52,9,3,False,False,False,False,False,True,False,False,False,False
4159,2005,124,3,4,False,False,False,False,False,False,False,False,False,True
3617,1931,63,6,3,False,False,False,False,False,False,True,False,False,False
5140,2008,26,4,2,False,False,True,False,False,False,False,False,False,False
5753,1923,105,1,4,False,False,False,False,False,True,False,False,False,False
4287,1928,46,1,3,False,False,False,False,False,False,False,False,True,False
3626,2009,107,1,4,False,False,False,False,True,False,False,False,False,False
2331,1944,132,5,5,False,False,False,False,False,False,False,True,False,False
3791,1996,136,5,5,False,False,False,True,False,False,False,False,False,False
3049,1980,40,9,1,False,True,False,False,False,False,False,False,False,False
2536,1943,106,6,4,False,True,False,False,False,False,False,False,False,False
3370,1924,128,1,5,False,True,False,False,False,False,False,False,False,False
4253,2005,50,1,3,False,False,False,False,False,False,False,True,False,False
3252,1940,65,4,2,False,False,False,False,True,False,False,False,False,False
4636,1946,31,3,1,False,False,True,False,False,False,False,False,False,False
3651,1931,145,5,6,False,False,False,False,False,False,False,False,False,True
3624,2001,38,9,2,False,False,False,False,False,False,False,False,True,False
1987,1949,141,7,6,False,False,False,False,True,False,False,False,False,False
2653,1956,60,10,3,False,False,False,False,False,False,False,True,False,False
3029,2003,142,3,5,False,False,False,False,False,False,True,False,False,False
4997,2000,20,6,2,False,False,False,True,False,False,False,False,False,False
2734,1947,127,2,4,False,False,False,False,False,False,True,False,False,False
2637,1967,86,7,4,True,False,False,False,False,False,False,False,False,False
2983,1965,92,3,4,False,False,False,False,False,False,True,False,False,False
3291,1962,81,10,4,False,False,True,False,False,False,False,False,False,False
3626,1956,42,3,1,False,False,False,False,False,False,False,True,False,False
3819,1988,58,8,2,False,False,True,False,False,False,False,False,False,False
2785,1957,116,2,5,False,False,False,False,False,False,True,False,False,False
2733,1968,137,9,6,False,False,False,False,False,False,False,False,False,True
5844,1962,21,4,1,False,False,False,False,False,True,False,False,False,False
3574,1989,68,9,3,False,False,False,True,False,False,False,False,False,False
3727,1961,62,8,3,False,False,True,False,False,False,False,False,False,False
2898,1990,40,10,2,False,False,False,False,True,False,False,False,False,False
4935,1995,62,8,3,False,False,False,False,False,True,False,False,False,False
4465,1932,48,8,3,False,False,False,True,False,False,False,False,False,False
2768,1985,108,3,5,False,False,False,False,False,False,False,False,True,False
3535,1942,62,1,3,True,False,False,False,False,False,False,False,False,False
3909,1991,24,2,1,False,False,False,False,True,False,False,False,False,False
3307,1988,144,3,5,False,False,True,False,False,False,False,False,False,False
5201,1946,70,5,2,False,False,False,False,False,True,False,False,False,False
4211,1981,109,10,4,False,False,False,False,False,True,False,False,False,False
3645,1999,146,5,6,False,False,True,False,False,False,False,False,False,False
1783,1957,147,9,5,False,False,False,False,False,False,False,False,True,False
3336,2003,76,7,4,False,False,False,False,True,False,False,False,False,False
3076,1978,92,2,4,False,False,False,False,True,False,False,False,False,False
3504,1933,95,4,3,True,False,False,False,False,False,False,False,False,False
3233,1972,77,2,4,False,False,False,False,False,False,False,True,False,False
4700,1950,100,6,4,False,False,False,False,False,True,False,False,False,False
3151,1934,70,10,3,False,False,False,False,False,False,True,False,False,False
2204,1966,140,5,6,False,True,False,False,False,False,False,False,False,False
3327,1971,42,6,1,True,False,False,False,False,False,False,False,False,False
3576,1934,87,4,3,True,False,False,False,False,False,False,False,False,False
3425,1997,72,7,3,True,False,False,False,False,False,False,False,False,False
2548,1956,80,9,3,False,False,False,False,False,False,True,False,False,False
2961,1987,39,10,1,False,False,False,False,False,False,True,False,False,False
2099,1939,105,10,5,False,False,False,False,False,False,False,False,True,False
2882,1998,127,6,5,False,False,False,False,False,False,False,True,False,False
3411,1925,64,8,3,True,False,False,False,False,False,False,False,False,False
1872,1950,148,8,5,False,True,False,False,False,False,False,False,False,False
3261,1970,104,8,4,False,False,True,False,False,False,False,False,False,False
3645,1963,40,3,1,False,False,False,False,True,False,False,False,False,False
3050,1958,75,5,2,True,False,False,False,False,False,False,False,False,False
3748,1997,40,8,1,False,False,False,False,True,False,False,False,False,False
3298,1928,90,6,4,False,False,False,False,True,False,False,False,False,False
4384,2006,52,9,2,False,False,True,False,False,False,False,False,False,False
4863,2009,69,2,3,False,False,False,False,False,False,False,False,False,True
4075,2008,63,2,2,False,False,False,False,False,False,True,False,False,False
2568,1990,118,4,5,False,False,False,False,True,False,False,False,False,False
4296,1997,40,2,2,False,False,False,False,False,False,True,False,False,False
3943,1963,101,2,3,False,False,False,False,False,False,False,False,False,True
5001,1939,95,4,3,False,False,False,False,False,True,False,False,False,False
4162,1931,79,8,3,False,False,True,False,False,False,False,False,False,False
3784,1999,87,2,3,False,False,False,False,False,False,False,True,False,False
2121,1976,128,8,4,False,True,False,False,False,False,False,False,False,False
3992,1984,41,8,2,False,False,False,False,False,False,False,False,False,True
4251,1997,130,1,5,False,False,True,False,False,False,False,False,False,False
3923,1966,28,10,2,False,False,True,False,False,False,False,False,False,False
2638,1956,111,4,5,False,True,False,False,False,False,False,False,False,False
5128,1956,72,5,3,False,False,False,False,False,True,False,False,False,False
3743,1996,136,5,6,False,False,False,True,False,False,False,False,False,False
3397,1967,25,7,1,False,False,False,False,True,False,False,False,False,False
3742,1952,31,3,1,False,False,False,False,False,False,True,False,False,False
3354,1948,70,2,3,False,False,False,False,False,False,False,True,False,False
4310,2001,129,1,4,False,False,False,False,False,False,False,False,False,True
3912,1983,84,4,3,False,False,True,False,False,False,False,False,False,False
3401,1940,105,7,3,False,False,False,False,False,False,False,False,False,True
3377,1957,92,8,4,False,False,False,True,False,False,False,False,False,False
3068,2007,148,2,5,False,False,False,False,False,False,True,False,False,False
4048,1942,90,2,3,False,False,False,False,False,False,False,False,False,True
3619,1972,38,3,2,False,False,False,False,True,False,False,False,False,False
3924,1931,123,5,5,False,False,True,False,False,False,False,False,False,False
4962,1995,39,5,1,False,False,True,False,False,False,False,False,False,False
3060,1951,34,9,2,False,False,False,False,False,False,True,False,False,False
2633,1977,62,10,3,False,False,False,False,False,False,False,False,True,False
2755,1950,125,2,4,False,False,False,False,False,False,False,False,True,False
2762,1951,139,9,5,False,False,False,False,False,False,False,False,False,True
4839,2007,61,3,3,False,False,False,True,False,False,False,False,False,False
2545,2000,130,9,5,False,False,False,False,False,False,False,True,False,False
1967,1945,123,10,4,False,False,False,False,False,False,False,False,True,False
5530,1944,47,4,2,False,False,False,False,False,True,False,False,False,False
3397,1958,55,3,3,False,False,False,False,False,False,False,True,False,False
3314,1975,144,3,5,False,False,False,True,False,False,False,False,False,False
3289,1978,91,9,4,False,False,True,False,False,False,False,False,False,False
5328,1955,57,5,2,False,False,False,False,False,True,False,False,False,False
2468,1971,148,2,5,False,False,False,False,False,False,False,False,True,False
4573,1927,63,6,2,False,False,False,False,False,False,False,False,False,True
3309,1968,39,6,2,False,True,False,False,False,False,False,False,False,False
3643,1949,41,3,1,False,False,False,False,True,False,False,False,False,False
3325,1932,72,8,3,False,False,False,False,False,False,False,False,True,False
3567,1984,68,9,3,False,False,False,True,False,False,False,False,False,False
2243,1986,106,9,4,False,False,False,False,True,False,False,False,False,False
4756,1941,39,1,1,False,False,True,False,False,False,False,False,False,False
2474,1994,148,2,5,False,False,False,False,False,False,False,True,False,False
2220,1936,123,7,5,True,False,False,False,False,False,False,False,False,False
2740,1979,91,6,3,False,False,False,False,False,False,False,False,True,False
3802,1965,25,3,1,False,False,False,False,False,False,False,False,True,False
3182,1985,57,5,3,False,False,False,False,False,False,False,False,True,False
2927,1986,97,3,4,False,False,False,False,False,False,False,True,False,False
3382,1920,132,10,4,False,False,False,False,False,False,False,False,False,True
3021,1985,98,2,4,False,False,False,False,False,False,False,True,False,False
3105,1967,49,7,2,True,False,False,False,False,False,False,False,False,False
2011,1949,114,10,5,False,False,False,False,False,False,False,False,True,False
5899,1937,25,3,1,False,False,False,False,False,True,False,False,False,False
2664,1945,94,6,4,False,False,False,False,False,False,True,False,False,False
3054,1936,95,2,4,False,False,False,False,False,False,False,True,False,False
4061,1992,94,1,4,False,False,False,True,False,False,False,False,False,False
4044,1987,46,7,2,False,False,False,False,False,False,False,False,False,True
3037,1942,26,10,2,False,False,False,False,True,False,False,False,False,False
2642,1984,111,4,5,False,False,False,False,False,False,True,False,False,False
2336,1981,106,8,4,False,True,False,False,False,False,False,False,False,False
2972,1950,63,7,2,False,False,False,False,False,False,False,False,True,False
2656,1994,129,2,5,False,True,False,False,False,False,False,False,False,False
3092,1927,106,6,5,False,False,False,False,True,False,False,False,False,False
4345,1969,66,2,2,False,False,False,False,False,False,False,False,False,True
3315,1995,98,8,4,False,False,False,False,False,False,False,False,False,True
2792,1936,126,1,5,False,False,False,False,False,False,False,False,True,False
3661,1934,114,9,4,False,False,True,False,False,False,False,False,False,False
2747,1998,140,6,5,True,False,False,False,False,False,False,False,False,False
3241,1983,86,1,4,False,False,False,False,False,False,False,True,False,False
2866,1968,113,2,4,False,False,False,False,False,False,False,True,False,False
3776,1966,62,8,2,False,False,False,True,False,False,False,False,False,False
3764,1997,39,8,1,False,False,False,False,False,False,False,False,True,False
3742,2003,46,7,2,True,False,False,False,False,False,False,False,False,False
2112,1988,129,8,4,False,False,False,False,False,False,True,False,False,False
4276,1999,72,8,2,False,False,False,True,False,False,False,False,False,False
2926,1991,87,4,4,True,False,False,False,False,False,False,False,False,False
2849,1945,105,3,4,False,False,False,False,True,False,False,False,False,False
3424,1941,53,3,3,True,False,False,False,False,False,False,False,False,False
3360,1962,129,4,5,False,False,False,False,False,False,False,False,False,True
4221,1991,43,6,1,False,False,True,False,False,False,False,False,False,False
2592,1949,91,7,4,False,True,False,False,False,False,False,False,False,False
4220,1924,118,3,4,False,False,True,False,False,False,False,False,False,False
4147,1996,55,2,2,False,False,False,False,False,False,True,False,False,False
2715,1994,93,6,3,True,False,False,False,False,False,False,False,False,False
2175,1992,133,7,4,False,False,False,False,False,False,False,True,False,False
2666,1992,133,2,4,False,False,False,False,True,False,False,False,False,False
4164,1955,44,6,2,False,False,False,True,False,False,False,False,False,False
4117,1980,33,8,1,False,False,False,True,False,False,False,False,False,False
3702,1971,50,1,2,False,False,False,False,True,False,False,False,False,False
4578,1970,42,2,2,False,False,False,False,False,False,False,False,False,True
2647,1994,95,6,4,True,False,False,False,False,False,False,False,False,False
2639,2004,126,9,4,False,False,False,False,False,False,False,False,True,False
3206,1976,69,4,2,False,False,False,False,False,False,False,False,True,False
3001,2009,100,8,4,False,False,False,False,False,False,True,False,False,False
5894,1922,91,1,4,False,False,False,False,False,True,False,False,False,False
2543,1987,126,4,4,True,False,False,False,False,False,False,False,False,False
3285,1962,51,5,2,False,False,False,False,False,False,False,True,False,False
3577,1932,37,10,1,False,False,False,False,False,False,False,False,True,False
4968,1937,98,4,3,False,False,False,False,False,True,False,False,False,False
2968,1925,83,10,4,False,False,False,False,True,False,False,False,False,False
2894,1975,56,8,3,False,False,False,False,False,False,True,False,False,False
2269,1989,138,5,5,False,False,False,False,False,False,False,False,True,False
2491,1981,136,3,5,True,False,False,False,False,False,False,False,False,False
5142,1922,101,8,3,False,False,False,False,False,True,False,False,False,False
3969,1969,78,4,3,False,False,True,False,False,False,False,False,False,False
3304,1931,55,10,3,False,False,False,False,False,False,True,False,False,False
3728,1966,82,6,3,False,False,False,True,False,False,False,False,False,False
2792,1935,126,1,5,False,False,False,False,False,False,False,True,False,False
4758,1934,59,4,3,False,False,False,False,False,False,False,False,False,True
3248,2009,70,9,3,False,False,False,False,False,False,False,False,True,False
3737,1985,31,3,1,False,False,False,False,False,False,False,False,True,False
3320,1994,93,9,3,False,False,False,False,False,False,False,False,False,True
1732,1957,137,10,6,False,True,False,False,False,False,False,False,False,False
3449,1953,130,3,5,False,False,False,False,False,False,False,False,False,True
2938,2005,131,5,5,False,False,False,False,True,False,False,False,False,False
1899,1941,130,10,4,False,True,False,False,False,False,False,False,False,False
3813,1934,119,7,4,False,False,False,True,False,False,False,False,False,False
4056,1938,24,9,2,False,False,False,True,False,False,False,False,False,False
3775,1997,23,9,2,False,False,False,False,False,False,False,True,False,False
2341,1940,131,5,5,False,False,False,False,True,False,False,False,False,False
3112,1970,44,8,1,False,False,False,False,False,False,False,False,True,False
3828,1960,32,2,1,False,False,False,False,True,False,False,False,False,False
3127,1983,37,8,2,True,False,False,False,False,False,False,False,False,False
2186,1964,131,7,4,False,False,False,False,False,False,False,False,True,False
5039,1921,51,2,3,False,False,True,False,False,False,False,False,False,False
3762,1933,24,9,2,False,False,False,False,False,False,True,False,False,False
3215,1924,144,10,5,False,False,True,False,False,False,False,False,False,False
5378,1929,22,2,2,False,False,True,False,False,False,False,False,False,False
5384,1928,82,7,4,False,False,False,False,False,True,False,False,False,False
3382,1993,32,6,2,False,False,False,False,False,False,False,False,True,False
3539,1992,61,1,3,False,False,False,False,False,False,True,False,False,False
2427,1999,137,9,6,False,True,False,False,False,False,False,False,False,False
3604,1958,40,3,2,False,False,False,False,False,False,False,True,False,False
5133,1940,92,3,3,False,False,False,False,False,True,False,False,False,False
2886,1959,51,9,2,False,False,False,False,False,False,False,False,True,False
3273,1987,53,5,2,False,False,False,False,True,False,False,False,False,False
5072,1987,108,1,5,False,False,False,False,False,True,False,False,False,False
3520,2005,118,1,4,False,True,False,False,False,False,False,False,False,False
3608,1939,124,2,5,False,False,True,False,False,False,False,False,False,False
3753,1993,45,10,2,False,False,True,False,False,False,False,False,False,False
3078,1940,112,9,4,False,False,False,False,False,False,False,False,False,True
2570,2001,148,7,5,False,True,False,False,False,False,False,False,False,False
3506,1957,34,5,1,False,False,False,False,False,False,False,True,False,False
2554,1965,90,8,3,True,False,False,False,False,False,False,False,False,False
3899,1975,35,10,1,False,False,False,True,False,False,False,False,False,False
6595,1933,30,1,2,False,False,False,False,False,True,False,False,False,False
4613,1996,89,2,4,False,False,False,True,False,False,False,False,False,False
3828,1951,27,2,2,False,False,False,False,False,False,False,False,True,False
4120,1996,28,5,2,False,True,False,False,False,False,False,False,False,False
3143,1994,76,3,4,False,False,False,False,False,False,True,False,False,False
2740,1932,116,9,4,False,False,False,False,False,False,False,True,False,False
5130,2002,112,6,5,False,False,False,False,False,True,False,False,False,False
2308,1968,149,3,6,False,False,False,False,False,False,False,False,True,False
3248,1949,100,9,3,False,False,False,True,False,False,False,False,False,False
3429,1940,37,5,2,False,False,False,False,False,False,False,False,True,False
3573,1977,63,10,2,False,False,False,False,False,False,False,False,False,True
2179,1985,127,7,5,False,False,False,False,False,False,True,False,False,False
2376,1957,147,3,5,False,False,False,False,False,False,False,True,False,False
4133,1987,137,7,6,False,False,False,False,False,True,False,False,False,False
3475,1975,78,9,3,False,False,True,False,False,False,False,False,False,False
3786,1937,61,8,2,False,False,False,True,False,False,False,False,False,False
3095,2002,81,9,4,False,True,False,False,False,False,False,False,False,False
3343,1935,81,1,3,False,True,False,False,False,False,False,False,False,False
4189,1993,106,10,5,False,False,False,False,False,True,False,False,False,False
4131,1935,132,2,5,False,False,True,False,False,False,False,False,False,False
3086,1949,116,8,5,False,False,True,False,False,False,False,False,False,False
3689,1972,31,3,2,True,False,False,False,False,False,False,False,False,False
3812,1998,144,4,5,False,False,True,False,False,False,False,False,False,False
4408,1949,104,9,3,False,False,False,False,False,True,False,False,False,False
2031,1974,127,9,4,False,False,False,False,False,False,False,False,True,False
4019,1973,23,10,1,False,False,True,False,False,False,False,False,False,False
2710,2007,109,10,4,False,False,False,False,True,False,False,False,False,False
3474,1941,53,3,2,False,False,False,False,True,False,False,False,False,False
2076,1941,107,10,5,False,False,False,False,False,False,False,True,False,False
3681,2008,107,9,5,False,False,False,True,False,False,False,False,False,False
2954,1996,130,5,5,False,False,False,False,False,False,False,False,True,False
3448,1927,55,9,2,False,False,False,False,False,False,False,True,False,False
2040,1958,141,7,5,False,False,False,False,False,False,False,True,False,False
5623,2008,118,1,4,False,False,False,False,False,True,False,False,False,False
2672,1945,113,4,4,False,False,False,False,True,False,False,False,False,False
4075,1927,107,5,5,False,False,False,False,False,False,False,False,False,True
2898,1920,130,6,4,True,False,False,False,False,False,False,False,False,False
4507,1950,79,10,4,False,False,False,False,False,True,False,False,False,False
2454,1959,85,9,4,False,False,False,False,False,False,True,False,False,False
5670,1930,103,2,4,False,False,False,False,False,True,False,False,False,False
3002,1968,105,2,3,True,False,False,False,False,False,False,False,False,False
2416,1948,93,9,3,False,False,False,False,True,False,False,False,False,False
2331,1971,102,9,3,False,True,False,False,False,False,False,False,False,False
1802,1986,145,9,5,False,False,False,False,False,False,True,False,False,False
3398,1990,65,2,3,False,False,False,False,False,False,False,True,False,False
3036,1950,131,7,5,False,False,False,True,False,False,False,False,False,False
3184,1993,112,8,4,False,False,True,False,False,False,False,False,False,False
3323,1965,73,2,3,False,False,False,False,False,False,True,False,False,False
1801,1984,150,8,6,False,False,False,False,False,False,False,False,True,False
2245,1940,110,8,5,True,False,False,False,False,False,False,False,False,False
3768,1998,148,4,5,False,False,True,False,False,False,False,False,False,False
3420,1937,53,3,3,False,False,False,False,False,False,True,False,False,False
2962,1998,124,6,4,False,False,False,False,False,False,True,False,False,False
3391,1927,131,1,4,False,False,False,False,False,False,True,False,False,False
4144,1931,76,8,4,False,False,False,True,False,False,False,False,False,False
2229,1952,122,7,5,False,False,False,False,False,False,False,False,True,False
4801,1957,70,9,2,False,False,False,False,False,True,False,False,False,False
4353,1939,45,4,2,False,False,False,True,False,False,False,False,False,False
2667,2004,133,8,4,False,False,False,False,False,False,False,True,False,False
2273,1948,123,7,4,False,True,False,False,False,False,False,False,False,False
4025,2008,107,6,4,False,False,False,False,False,False,False,False,False,True
3903,1921,145,3,5,False,False,False,True,False,False,False,False,False,False
4834,1937,67,9,2,False,False,False,False,False,True,False,False,False,False
3806,1926,94,1,3,True,False,False,False,False,False,False,False,False,False
2672,1944,93,6,4,True,False,False,False,False,False,False,False,False,False
3482,1921,77,6,3,False,False,False,False,False,False,False,True,False,False
4258,1938,49,4,3,False,False,False,True,False,False,False,False,False,False
2722,1920,118,9,4,True,False,False,False,False,False,False,False,False,False
2216,1927,148,10,6,False,False,False,False,False,False,False,True,False,False
2699,1975,110,4,4,False,False,False,False,True,False,False,False,False,False
3140,1957,101,1,3,True,False,False,False,False,False,False,False,False,False
3740,1933,86,2,4,False,False,False,False,False,False,False,False,True,False
4358,1921,34,2,2,False,False,False,False,False,False,True,False,False,False
3017,1941,33,10,1,False,False,False,False,True,False,False,False,False,False
3743,1936,31,3,1,False,False,False,False,False,False,False,True,False,False
2973,1954,93,3,4,False,False,False,False,True,False,False,False,False,False
2450,1946,90,9,3,False,False,False,False,True,False,False,False,False,False
4992,2007,111,8,4,False,False,False,False,False,True,False,False,False,False
2937,1944,101,3,3,False,True,False,False,False,False,False,False,False,False
2927,1936,82,5,3,False,False,False,False,False,False,False,True,False,False
4295,1944,26,7,1,False,False,False,True,False,False,False,False,False,False
3492,1931,86,5,3,False,False,False,False,True,False,False,False,False,False
4588,1939,31,3,2,False,False,True,False,False,False,False,False,False,False
3462,1983,134,3,4,False,False,False,True,False,False,False,False,False,False
1987,1977,141,7,6,True,False,False,False,False,False,False,False,False,False
3316,1947,78,1,4,False,False,False,False,False,False,False,True,False,False
2664,1981,79,8,3,False,False,False,False,False,False,False,False,True,False
3120,1936,58,6,2,False,False,False,False,False,False,False,True,False,False
5956,1968,39,1,1,False,False,False,False,False,True,False,False,False,False
2510,1971,74,10,3,False,True,False,False,False,False,False,False,False,False
3868,1935,103,8,4,False,False,False,False,False,False,False,False,False,True
4304,1924,80,6,4,False,False,False,False,False,False,False,False,False,True
4103,1989,75,3,3,False,False,False,False,False,False,False,False,False,True
3449,2003,55,9,2,False,False,False,False,False,False,False,True,False,False
3062,1950,149,5,5,False,False,False,False,False,False,False,False,False,True
2435,1975,142,3,5,False,False,False,False,False,False,False,False,True,False
3386,1951,56,3,3,False,False,False,False,False,False,True,False,False,False
3374,1960,133,4,4,False,False,False,True,False,False,False,False,False,False
2590,1972,141,10,6,False,False,False,False,False,False,False,False,False,True
3270,2010,98,6,3,False,False,False,False,False,False,False,False,True,False
2746,1978,135,9,6,False,False,True,False,False,False,False,False,False,False
4634,1984,82,9,3,False,False,False,False,False,True,False,False,False,False
2933,1925,132,5,5,True,False,False,False,False,False,False,False,False,False
1837,1977,131,10,5,False,False,False,False,False,False,False,True,False,False
3282,1990,27,8,1,False,False,False,False,False,False,True,False,False,False
2229,1941,122,7,5,False,True,False,False,False,False,False,False,False,False
3325,1921,97,5,4,False,True,False,False,False,False,False,False,False,False
1832,1944,132,10,5,False,False,False,False,True,False,False,False,False,False
3574,1964,63,1,2,False,False,False,False,False,False,False,False,True,False
3912,1956,24,2,1,True,False,False,False,False,False,False,False,False,False
4510,1969,114,6,5,False,False,False,False,False,True,False,False,False,False
3844,1965,76,5,4,False,False,True,False,False,False,False,False,False,False
3893,1956,31,1,2,True,False,False,False,False,False,False,False,False,False
2316,1993,88,10,4,False,False,False,False,False,False,False,False,True,False
4609,1980,49,1,2,False,False,True,False,False,False,False,False,False,False
3729,1992,127,1,4,False,False,True,False,False,False,False,False,False,False
2805,1931,115,8,5,False,False,False,False,True,False,False,False,False,False
3644,1948,46,2,2,False,False,False,False,False,False,False,False,True,False
3800,1933,115,7,5,False,False,False,False,False,False,False,False,False,True
3560,1985,64,1,2,False,False,False,False,False,False,False,False,True,False
5943,1946,26,2,2,False,False,False,False,False,True,False,False,False,False
2401,1961,130,5,4,False,False,False,False,False,False,False,True,False,False
3234,1977,67,4,2,True,False,False,False,False,False,False,False,False,False
3603,1997,30,10,2,False,False,False,False,False,False,False,False,True,False
2344,1973,96,9,4,False,False,False,False,False,False,False,True,False,False
3556,1929,39,10,1,False,False,False,False,False,False,False,False,True,False
3054,1959,105,10,4,False,False,False,False,False,False,False,False,False,True
3842,1925,76,2,4,False,False,False,False,False,False,True,False,False,False
2194,1953,116,8,5,False,True,False,False,False,False,False,False,False,False
3216,1975,48,6,2,True,False,False,False,False,False,False,False,False,False
4369,2001,108,2,5,False,False,True,False,False,False,False,False,False,False
6072,1929,23,7,2,False,False,False,False,False,True,False,False,False,False
4560,1990,34,3,2,False,False,False,True,False,False,False,False,False,False
3626,1975,57,1,2,False,False,False,False,False,False,True,False,False,False
4104,1929,95,7,3,False,False,True,False,False,False,False,False,False,False
5245,1949,50,6,3,False,False,False,False,False,True,False,False,False,False
3212,1961,64,4,3,False,False,False,False,False,False,True,False,False,False
2928,1991,82,5,3,False,False,False,False,False,False,False,True,False,False
3791,1940,96,4,3,False,False,True,False,False,False,False,False,False,False
4699,1957,85,8,3,False,False,False,False,False,True,False,False,False,False
3478,1959,97,7,3,False,False,False,True,False,False,False,False,False,False
2834,1926,122,7,5,False,False,False,False,False,False,False,False,True,False
2971,1933,83,10,4,False,False,False,False,False,False,True,False,False,False
3249,1998,105,5,4,False,False,False,False,True,False,False,False,False,False
2675,1946,127,2,5,False,False,False,False,False,False,False,False,True,False
4336,1931,21,4,1,False,True,False,False,False,False,False,False,False,False
3219,1989,48,6,2,False,False,False,False,False,False,False,True,False,False
3743,1981,111,2,5,False,False,True,False,False,False,False,False,False,False
3622,1925,108,10,4,False,False,True,False,False,False,False,False,False,False
3748,2000,75,3,4,False,False,False,False,False,False,True,False,False,False
2994,2004,146,3,5,False,False,False,False,False,False,False,False,True,False
2830,1941,72,7,3,False,False,False,False,False,False,True,False,False,False
2672,1968,78,8,3,True,False,False,False,False,False,False,False,False,False
3100,2008,125,4,5,False,False,False,False,False,False,True,False,False,False
2738,1947,61,9,3,True,False,False,False,False,False,False,False,False,False
3095,1960,50,7,2,False,False,False,False,False,False,False,True,False,False
3770,1922,48,6,3,False,True,False,False,False,False,False,False,False,False
2523,1968,113,5,5,False,False,False,False,False,False,True,False,False,False
3192,1943,21,9,2,False,False,False,False,False,False,False,False,True,False
4227,1922,127,2,4,False,False,False,True,False,False,False,False,False,False
4078,1932,37,5,1,True,False,False,False,False,False,False,False,False,False
2829,1967,127,1,4,False,False,False,False,True,False,False,False,False,False
3316,1942,38,6,2,False,False,False,False,False,False,False,True,False,False
3639,1997,66,6,2,False,True,False,False,False,False,False,False,False,False
3340,1965,81,1,3,False,False,False,False,True,False,False,False,False,False
3147,1969,25,9,2,False,False,False,False,False,False,False,False,True,False
4355,2008,34,2,2,False,False,False,False,False,False,False,True,False,False
5455,1965,49,4,3,False,False,False,False,False,True,False,False,False,False
3192,1986,86,2,3,False,False,False,False,False,False,False,True,False,False
4334,1927,37,2,2,False,False,False,False,False,False,False,False,True,False
3455,1968,35,5,2,False,False,False,False,False,False,False,True,False,False
2372,1947,108,7,5,False,False,False,False,True,False,False,False,False,False
4280,2009,127,1,5,False,False,True,False,False,False,False,False,False,False
2419,1963,93,9,3,False,False,False,False,True,False,False,False,False,False
2412,1954,94,9,3,True,False,False,False,False,False,False,False,False,False
3930,1967,102,2,3,False,False,True,False,False,False,False,False,False,False
3365,1934,138,9,5,False,False,True,False,False,False,False,False,False,False
2797,1964,50,10,2,False,False,False,False,False,False,False,False,True,False
3695,1928,121,8,4,False,False,True,False,False,False,False,False,False,False
4708,1975,134,2,5,False,False,False,False,False,True,False,False,False,False
2592,1949,141,10,6,False,False,False,False,False,False,False,False,False,True
3100,1959,30,9,2,False,False,False,False,True,False,False,False,False,False
2926,1931,142,4,5,True,False,False,False,False,False,False,False,False,False
2140,1988,121,8,5,False,False,False,False,False,False,False,False,True,False
4013,1947,54,6,3,False,False,False,True,False,False,False,False,False,False
2417,1929,133,10,5,True,False,False,False,False,False,False,False,False,False
2932,1927,137,4,6,False,False,False,False,True,False,False,False,False,False
2741,1962,56,10,2,False,False,False,False,True,False,False,False,False,False
6017,2001,53,4,3,False,False,False,False,False,True,False,False,False,False
3899,1982,80,4,4,False,False,False,False,False,False,False,False,False,True
3314,1979,49,5,2,False,False,False,False,False,False,False,False,True,False
3596,1926,100,2,4,True,False,False,False,False,False,False,False,False,False
3568,1928,68,6,3,False,True,False,False,False,False,False,False,False,False
2775,2002,148,5,5,False,True,False,False,False,False,False,False,False,False
2543,1968,91,8,3,False,False,False,False,False,False,False,False,True,False
2901,1953,80,5,4,False,False,False,False,False,False,False,True,False,False
2719,1991,83,7,3,False,False,False,False,False,False,False,False,True,False
2172,1942,143,5,6,True,False,False,False,False,False,False,False,False,False
2563,1981,139,2,5,False,False,False,False,False,False,False,False,True,False
4861,1938,109,3,5,False,False,False,False,False,True,False,False,False,False
1757,1959,144,9,6,False,False,False,False,True,False,False,False,False,False
5085,1980,72,6,2,False,False,False,False,False,True,False,False,False,False
2697,1990,95,6,3,False,False,False,False,True,False,False,False,False,False
5199,1992,80,3,4,False,False,False,False,False,True,False,False,False,False
5316,1983,33,8,1,False,False,False,False,False,True,False,False,False,False
4708,1946,104,6,3,False,False,False,False,False,True,False,False,False,False
2481,2003,147,8,5,False,True,False,False,False,False,False,False,False,False
4302,1965,25,7,1,False,False,True,False,False,False,False,False,False,False
3871,1997,28,8,1,False,True,False,False,False,False,False,False,False,False
3047,1981,110,9,5,False,False,True,False,False,False,False,False,False,False
2363,1939,84,10,4,False,False,False,False,False,False,False,False,True,False
2961,1994,99,3,3,False,False,False,False,True,False,False,False,False,False
4382,1997,87,5,3,False,False,False,True,False,False,False,False,False,False
3288,1957,146,3,5,False,False,False,False,False,False,False,False,False,True
4480,1934,62,7,2,False,False,False,True,False,False,False,False,False,False
4700,1926,65,4,3,False,False,False,False,False,False,False,False,False,True
3572,1938,33,4,2,False,False,False,False,False,False,False,False,True,False
2845,2006,111,8,5,False,False,False,False,False,False,False,False,True,False
2757,1991,84,6,4,True,False,False,False,False,False,False,False,False,False
3432,1954,67,2,2,False,False,False,False,False,False,False,True,False,False
4156,1956,124,9,4,False,False,False,False,False,True,False,False,False,False
2744,1999,146,5,6,False,False,False,False,False,False,True,False,False,False
4143,1963,116,10,4,False,False,False,False,False,True,False,False,False,False
3984,2002,47,4,3,False,False,False,False,False,False,False,False,True,False
2004,1975,150,6,6,False,False,False,False,False,False,True,False,False,False
3932,1977,87,3,4,False,False,False,True,False,False,False,False,False,False
3086,1935,56,6,3,True,False,False,False,False,False,False,False,False,False
2664,1995,144,9,6,False,False,False,True,False,False,False,False,False,False
4158,2005,39,4,1,True,False,False,False,False,False,False,False,False,False
4120,1944,38,7,2,False,False,True,False,False,False,False,False,False,False
3272,1955,63,4,2,False,False,False,False,False,False,False,False,True,False
2948,1945,110,1,5,True,False,False,False,False,False,False,False,False,False
4544,1982,46,2,2,False,False,False,True,False,False,False,False,False,False
4307,1997,24,4,1,False,False,False,False,False,False,False,True,False,False
3002,1989,105,2,3,False,False,False,False,True,False,False,False,False,False
3100,2009,145,2,5,False,False,False,False,False,False,False,False,True,False
3131,1947,22,10,1,False,True,False,False,False,False,False,False,False,False
2226,2002,147,10,6,False,False,False,False,True,False,False,False,False,False
2994,1946,41,9,2,False,False,False,False,True,False,False,False,False,False
2653,1965,90,7,3,False,True,False,False,False,False,False,False,False,False
3671,1925,138,6,5,False,False,True,False,False,False,False,False,False,False
2316,1948,133,5,5,True,False,False,False,False,False,False,False,False,False
3120,1943,28,9,2,False,False,False,False,False,False,True,False,False,False
2662,1941,89,7,3,False,False,False,False,False,False,True,False,False,False
4655,1986,150,1,5,False,False,False,False,False,True,False,False,False,False
3669,1926,73,5,2,True,False,False,False,False,False,False,False,False,False
2057,1967,149,6,5,False,True,False,False,False,False,False,False,False,False
3839,1958,66,7,2,False,False,True,False,False,False,False,False,False,False
3600,1934,80,4,4,False,True,False,False,False,False,False,False,False,False
3229,1983,87,1,4,False,False,False,False,False,False,True,False,False,False
2973,1924,83,10,4,True,False,False,False,False,False,False,False,False,False
4224,1987,73,2,3,False,False,False,False,False,False,False,False,False,True
4174,1979,28,8,1,False,False,False,False,False,False,False,False,False,True
3712,1973,119,2,4,False,False,False,True,False,False,False,False,False,False
3061,2000,84,9,4,False,True,False,False,False,False,False,False,False,False
2975,1996,147,3,5,False,False,False,False,False,False,True,False,False,False
4134,1981,32,8,1,False,False,False,False,False,False,False,False,False,True
4211,1922,24,5,1,False,True,False,False,False,False,False,False,False,False
2742,1979,116,3,4,False,False,False,False,False,False,False,True,False,False
5477,1942,37,6,1,False,False,False,False,False,True,False,False,False,False
3817,1950,38,10,2,False,False,True,False,False,False,False,False,False,False
2851,1963,95,4,4,True,False,False,False,False,False,False,False,False,False
4309,1940,134,6,5,False,False,False,False,False,True,False,False,False,False
3936,1957,26,1,2,True,False,False,False,False,False,False,False,False,False
3091,2005,116,5,5,True,False,False,False,False,False,False,False,False,False
1773,1959,138,10,5,True,False,False,False,False,False,False,False,False,False
3135,1968,51,6,3,False,False,False,False,False,False,False,False,True,False
5488,1946,26,7,1,False,False,False,False,False,True,False,False,False,False
3091,1958,116,8,5,False,False,False,False,False,False,False,False,False,True
3281,1985,127,5,5,False,False,False,False,False,False,False,False,False,True
4415,1935,39,4,2,False,False,True,False,False,False,False,False,False,False
3339,1947,106,7,4,False,False,True,False,False,False,False,False,False,False
3497,1966,65,1,3,True,False,False,False,False,False,False,False,False,False
3091,1976,106,9,5,False,False,False,True,False,False,False,False,False,False
6017,1994,23,2,1,False,False,False,False,False,True,False,False,False,False
2673,1962,138,1,5,False,False,False,False,False,False,False,False,True,False
3857,1994,49,8,3,False,False,True,False,False,False,False,False,False,False
3671,1927,58,6,3,False,False,False,False,False,False,True,False,False,False
3587,1952,61,1,2,False,False,False,False,False,False,False,True,False,False
2755,1938,125,2,4,False,False,False,False,False,False,False,True,False,False
4253,1999,40,3,1,True,False,False,False,False,False,False,False,False,False
1965,1969,149,7,5,False,False,False,False,False,False,True,False,False,False
3308,2009,99,5,4,False,False,False,False,False,False,True,False,False,False
4452,2000,40,10,1,False,False,True,False,False,False,False,False,False,False
3401,1975,75,1,3,False,False,False,False,False,False,True,False,False,False
2914,1980,44,10,1,False,False,False,False,False,False,False,True,False,False
3505,1972,34,5,1,False,False,False,False,False,False,True,False,False,False
5665,2001,84,4,4,False,False,False,False,False,True,False,False,False,False
4083,2009,67,10,3,False,False,True,False,False,False,False,False,False,False
4618,2005,93,2,3,False,False,False,True,False,False,False,False,False,False
4450,1989,60,1,3,False,False,False,True,False,False,False,False,False,False
3456,1999,149,7,5,False,False,False,True,False,False,False,False,False,False
4405,1956,150,3,6,False,False,False,False,False,True,False,False,False,False
5454,1971,60,3,3,False,False,False,False,False,True,False,False,False,False
3589,2004,86,4,3,False,False,False,False,False,False,False,False,True,False
3403,2004,90,5,4,False,False,False,False,False,False,False,True,False,False
2320,2004,143,10,5,False,False,False,False,False,False,False,False,True,False
3724,1959,63,8,3,False,False,False,False,False,False,False,False,False,True
3075,1991,147,5,5,False,False,False,False,False,False,False,False,False,True
3501,1954,40,4,2,True,False,False,False,False,False,False,False,False,False
3386,1955,66,2,3,False,False,False,False,False,False,False,True,False,False
2955,1966,95,3,4,False,False,False,False,False,False,False,False,True,False
4587,1928,71,5,2,False,False,False,True,False,False,False,False,False,False
4114,1999,119,4,4,False,False,False,False,False,False,False,False,False,True
2114,1961,144,6,5,False,True,False,False,False,False,False,False,False,False
2600,1940,85,8,3,False,False,False,False,True,False,False,False,False,False
3027,2010,122,5,5,True,False,False,False,False,False,False,False,False,False
4446,1926,30,2,1,False,False,False,False,False,False,True,False,False,False
3775,2007,78,3,3,False,False,False,False,False,False,False,True,False,False
3529,1946,67,1,2,False,False,False,False,False,False,True,False,False,False
2495,1956,76,10,3,False,False,False,False,False,False,False,True,False,False
3156,1999,99,7,3,False,False,False,False,False,False,False,False,True,False
2742,1932,141,6,5,False,False,False,False,False,False,True,False,False,False
4303,2008,25,4,1,False,False,False,False,False,False,False,True,False,False
2859,1964,124,1,4,False,False,False,False,False,False,False,False,True,False
3106,1961,69,5,2,False,False,False,False,False,False,False,False,True,False
2108,1985,144,6,5,False,False,False,False,False,False,True,False,False,False
4193,2007,61,1,2,False,False,False,False,True,False,False,False,False,False
3211,1981,89,1,4,False,False,False,False,False,False,False,True,False,False
3548,2003,125,9,4,False,False,False,False,False,False,False,False,False,True
5838,1996,56,6,2,False,False,False,False,False,True,False,False,False,False
4249,1952,130,7,5,False,False,False,False,False,True,False,False,False,False
3841,1969,71,6,3,False,False,False,False,False,False,False,False,False,True
4074,1987,78,3,3,False,False,True,False,False,False,False,False,False,False
3314,1947,74,2,3,True,False,False,False,False,False,False,False,False,False
3353,1993,25,7,2,False,True,False,False,False,False,False,False,False,False
4010,1933,59,3,2,False,False,False,False,False,False,False,True,False,False
3037,1938,51,7,3,False,True,False,False,False,False,False,False,False,False
3182,1973,62,5,2,True,False,False,False,False,False,False,False,False,False
3999,1998,85,9,3,False,False,False,True,False,False,False,False,False,False
2879,1937,117,1,5,False,False,False,False,False,False,False,True,False,False
2761,1970,109,3,5,False,True,False,False,False,False,False,False,False,False
3739,1959,76,6,4,False,False,False,False,False,False,False,False,False,True
3432,1983,57,3,2,False,False,False,False,False,False,True,False,False,False
3150,2009,115,5,4,False,False,False,False,False,False,False,False,True,False
3696,1929,90,2,4,False,False,False,False,True,False,False,False,False,False
2692,1989,111,4,4,False,False,False,False,False,False,True,False,False,False
3979,1958,22,1,2,False,False,False,False,False,False,True,False,False,False
3489,1987,106,5,5,False,False,True,False,False,False,False,False,False,False
3448,1970,105,6,4,False,False,True,False,False,False,False,False,False,False
2587,2005,121,10,4,False,True,False,False,False,False,False,False,False,False
3377,2002,67,8,3,False,False,False,False,False,False,True,False,False,False
4096,1994,20,9,2,False,False,False,False,False,False,False,False,False,True
2787,1973,61,9,2,False,False,False,False,False,False,False,True,False,False
2626,1970,127,3,4,False,False,False,False,False,False,False,False,True,False
2154,1970,140,6,5,False,False,False,False,False,False,False,True,False,False
2690,1931,121,9,4,False,False,False,False,True,False,False,False,False,False
3868,1945,148,9,5,False,False,False,False,False,True,False,False,False,False
2575,2008,127,9,5,False,False,False,False,False,False,True,False,False,False
3617,1968,43,3,1,False,False,False,False,False,False,True,False,False,False
3542,1948,106,5,4,False,False,False,False,False,False,False,False,False,True
2759,1980,54,10,2,True,False,False,False,False,False,False,False,False,False
2088,1945,126,8,5,True,False,False,False,False,False,False,False,False,False
3374,1944,23,7,2,False,True,False,False,False,False,False,False,False,False
4019,1945,73,4,3,False,False,False,False,False,False,False,False,False,True
3615,1966,124,2,5,False,False,False,False,False,False,False,False,False,True
3080,1922,87,9,3,False,False,False,False,False,False,True,False,False,False
3293,1962,81,10,4,False,False,True,False,False,False,False,False,False,False
2257,1953,114,8,4,False,False,False,False,False,False,True,False,False,False
6328,2004,52,1,3,False,False,False,False,False,True,False,False,False,False
3593,1929,136,7,5,False,False,False,False,False,False,False,False,False,True
3741,1924,31,9,1,False,False,False,False,False,False,False,False,True,False
3149,1963,40,8,1,False,False,False,False,False,False,True,False,False,False
3065,1954,24,10,2,False,False,False,False,True,False,False,False,False,False
3228,1975,137,4,6,False,False,False,False,False,False,False,False,False,True
3524,1955,63,10,3,False,False,True,False,False,False,False,False,False,False
3183,1957,42,7,2,False,True,False,False,False,False,False,False,False,False
3129,1931,72,10,3,False,False,False,False,True,False,False,False,False,False
3551,1929,130,8,5,False,False,False,True,False,False,False,False,False,False
5330,1960,57,5,2,False,False,False,False,False,True,False,False,False,False
3750,1971,40,2,1,False,False,False,False,True,False,False,False,False,False
3101,2007,110,6,4,False,False,False,False,False,False,False,True,False,False
3123,2004,103,7,3,False,False,False,False,True,False,False,False,False,False
3580,1922,102,2,4,False,False,False,False,True,False,False,False,False,False
5532,1985,62,2,3,False,False,False,False,False,True,False,False,False,False
3464,1945,104,6,4,False,False,False,False,False,False,False,False,False,True
4828,1934,72,2,3,False,False,False,True,False,False,False,False,False,False
3355,1944,25,7,2,False,False,False,False,False,False,False,True,False,False
4155,2004,60,1,3,False,False,False,False,False,False,True,False,False,False
5810,1971,24,4,1,False,False,False,False,False,True,False,False,False,False
1929,1947,142,8,5,False,False,False,False,False,False,False,False,True,False
2390,1980,106,7,5,False,False,False,False,False,False,False,False,True,False
2740,1982,56,10,2,False,False,False,False,True,False,False,False,False,False
4404,1980,60,2,2,False,False,False,True,False,False,False,False,False,False
3710,1987,64,8,3,False,False,True,False,False,False,False,False,False,False
2894,1936,51,9,2,False,False,False,False,True,False,False,False,False,False
2101,1973,145,6,5,False,True,False,False,False,False,False,False,False,False
4596,1999,25,10,1,False,False,False,False,False,False,False,False,False,True
2570,1985,138,2,5,False,False,False,False,False,False,False,False,True,False
4891,1983,26,1,1,False,False,False,True,False,False,False,False,False,False
2657,1983,69,9,3,False,True,False,False,False,False,False,False,False,False
2576,1959,107,5,5,False,True,False,False,False,False,False,False,False,False
2545,1959,141,2,5,False,False,False,False,False,False,False,True,False,False
2833,1963,87,5,4,False,False,False,False,True,False,False,False,False,False
6006,1960,34,1,1,False,False,False,False,False,True,False,False,False,False
4408,1964,124,6,5,False,False,False,False,False,True,False,False,False,False
3392,1972,61,3,2,False,False,False,False,False,False,False,False,True,False
1607,1985,149,10,6,False,False,False,False,True,False,False,False,False,False
2238,1948,136,5,6,True,False,False,False,False,False,False,False,False,False
4668,1922,98,1,3,False,False,True,False,False,False,False,False,False,False
2666,1948,113,4,4,False,False,False,False,False,False,False,True,False,False
2760,1941,114,3,4,False,False,False,False,True,False,False,False,False,False
4731,1937,117,4,4,False,False,False,False,False,True,False,False,False,False
4768,1949,23,2,2,False,False,False,False,False,False,False,False,False,True
3486,1982,106,5,5,False,False,False,False,False,False,False,False,False,True
1808,1980,144,9,5,False,True,False,False,False,False,False,False,False,False
3498,1949,120,4,4,False,False,False,True,False,False,False,False,False,False
2564,1961,149,1,5,False,False,False,False,True,False,False,False,False,False
4067,1922,93,7,4,False,False,False,False,False,False,False,False,False,True
3477,1968,27,6,1,False,True,False,False,False,False,False,False,False,False
2048,1957,140,7,5,False,False,False,False,False,False,False,True,False,False
4065,1925,74,10,2,False,False,False,True,False,False,False,False,False,False
5139,1978,91,3,3,False,False,False,False,False,True,False,False,False,False
6355,1921,44,2,2,False,False,False,False,False,True,False,False,False,False
3422,1921,48,10,2,True,False,False,False,False,False,False,False,False,False
3098,1980,85,3,3,True,False,False,False,False,False,False,False,False,False
4192,1942,36,7,1,False,False,False,False,False,False,False,False,False,True
3327,1992,112,6,5,False,False,True,False,False,False,False,False,False,False
